game_id,game_date,season,team_id,team_name,location,opponent_id,opponent_name,total_points,pace,fg_percentage,tov_percentage,ft_rate,off_efficiency,home_lineup_count,away_lineup_count
124,2026-02-07,2025-26,72,Stevens,Home,235,Misericordia,88,75,0.4333,0.0629,0.55,114.29,12,18
124,2026-02-07,2025-26,235,Misericordia,Away,72,Stevens,81,75,0.4915,0.1257,0.4068,110.96,12,18
125,2025-12-06,2025-26,74,Plattsburgh St.,Home,269,Buffalo St.,83,71,0.4648,0.1029,0.2394,113.7,15,18
125,2025-12-06,2025-26,269,Buffalo St.,Away,74,Plattsburgh St.,58,71,0.3279,0.1806,0.2623,84.06,15,18
126,2026-02-11,2025-26,72,Stevens,Home,248,Delaware Valley,75,73,0.4821,0.1198,0.4107,101.35,12,24
126,2026-02-11,2025-26,248,Delaware Valley,Away,72,Stevens,65,73,0.3966,0.1771,0.2759,90.28,12,24
127,2026-01-02,2025-26,74,Plattsburgh St.,Home,134,Clarkson,76,72,0.3889,0.0929,0.1944,107.04,11,14
127,2026-01-02,2025-26,134,Clarkson,Away,74,Plattsburgh St.,72,72,0.4179,0.13,0.2239,98.63,11,14
128,2026-02-14,2025-26,243,DeSales,Home,72,Stevens,83,69,0.5577,0.1658,0.3654,120.29,14,11
128,2026-02-14,2025-26,72,Stevens,Away,243,DeSales,67,69,0.377,0.1076,0.5082,97.1,14,11
129,2026-01-09,2025-26,278,SUNY Canton,Home,74,Plattsburgh St.,63,80.5,0.3333,0.1888,0.2754,78.75,17,14
129,2026-01-09,2025-26,74,Plattsburgh St.,Away,278,SUNY Canton,76,80.5,0.4286,0.2154,0.3286,93.83,17,14
130,2026-02-18,2025-26,255,Lebanon Valley,Home,72,Stevens,88,81,0.5313,0.1605,0.3281,106.02,16,13
130,2026-02-18,2025-26,72,Stevens,Away,255,Lebanon Valley,72,81,0.4262,0.1325,0.4098,91.14,16,13
131,2026-01-10,2025-26,158,Oswego St.,Home,74,Plattsburgh St.,74,75.5,0.4179,0.1045,0.3433,96.1,13,8
131,2026-01-10,2025-26,74,Plattsburgh St.,Away,158,Oswego St.,66,75.5,0.3667,0.179,0.3333,89.19,13,8
132,2026-02-21,2025-26,72,Stevens,Home,252,FDU-Florham,87,71,0.4746,0.055,0.3729,122.54,16,16
132,2026-02-21,2025-26,252,FDU-Florham,Away,72,Stevens,73,71,0.4074,0.155,0.4815,102.82,16,16
133,2026-01-13,2025-26,74,Plattsburgh St.,Home,285,SUNY Potsdam,101,82.5,0.5286,0.1649,0.3571,120.24,12,22
133,2026-01-13,2025-26,285,SUNY Potsdam,Away,74,Plattsburgh St.,78,82.5,0.4375,0.1147,0.4688,96.3,12,22
134,2026-02-25,2025-26,72,Stevens,Home,243,DeSales,81,71.5,0.5167,0.1098,0.1833,112.5,11,13
134,2026-02-25,2025-26,243,DeSales,Away,72,Stevens,60,71.5,0.4127,0.2152,0.0952,84.51,11,13
135,2026-01-16,2025-26,74,Plattsburgh St.,Home,289,SUNY Morrisville,81,78.5,0.3649,0.1275,0.4595,101.25,9,28
135,2026-01-16,2025-26,289,SUNY Morrisville,Away,74,Plattsburgh St.,74,78.5,0.3625,0.083,0.2375,96.1,9,28
136,2026-02-28,2025-26,72,Stevens,Home,235,Misericordia,68,69,0.4138,0.0932,0.3966,100,12,12
136,2026-02-28,2025-26,235,Misericordia,Away,72,Stevens,59,69,0.375,0.1355,0.2188,84.29,12,12
137,2026-01-17,2025-26,74,Plattsburgh St.,Home,293,Cortland,56,57.5,0.3818,0.1543,0.2182,96.55,8,12
137,2026-01-17,2025-26,293,Cortland,Away,74,Plattsburgh St.,61,57.5,0.4035,0.1168,0.1404,107.02,8,12
138,2026-03-06,2025-26,296,Chris. Newport,Home,72,Stevens,75,69.5,0.4516,0.0993,0.3871,108.7,28,10
138,2026-03-06,2025-26,72,Stevens,Away,296,Chris. Newport,62,69.5,0.371,0.0926,0.2419,88.57,28,10
139,2026-01-23,2025-26,298,SUNY Oneonta,Home,74,Plattsburgh St.,89,72,0.4688,0.0498,0.4375,127.14,18,10
139,2026-01-23,2025-26,74,Plattsburgh St.,Away,298,SUNY Oneonta,75,72,0.4531,0.1306,0.3281,101.35,18,10
140,2026-01-24,2025-26,300,SUNY New Paltz,Home,74,Plattsburgh St.,88,76.5,0.473,0.1014,0.1757,115.79,12,11
140,2026-01-24,2025-26,74,Plattsburgh St.,Away,300,SUNY New Paltz,62,76.5,0.3571,0.2209,0.4464,80.52,12,11
141,2026-01-27,2025-26,285,SUNY Potsdam,Home,74,Plattsburgh St.,66,70,0.3462,0.1087,0.1154,94.29,13,11
141,2026-01-27,2025-26,74,Plattsburgh St.,Away,285,SUNY Potsdam,69,70,0.4308,0.1741,0.2154,98.57,13,11
142,2026-01-30,2025-26,74,Plattsburgh St.,Home,158,Oswego St.,60,73.5,0.3833,0.2002,0.3,83.33,11,22
142,2026-01-30,2025-26,158,Oswego St.,Away,74,Plattsburgh St.,84,73.5,0.4688,0.1589,0.3594,112,11,22
143,2026-01-31,2025-26,74,Plattsburgh St.,Home,278,SUNY Canton,84,72.5,0.5,0.1217,0.2121,115.07,6,15
143,2026-01-31,2025-26,278,SUNY Canton,Away,74,Plattsburgh St.,76,72.5,0.4242,0.0739,0.3182,105.56,6,15
144,2026-02-06,2025-26,293,Cortland,Home,308,Plattsburgh,81,64,0.4225,0.0758,0.0704,126.56,15,8
144,2026-02-06,2025-26,308,Plattsburgh,Away,293,Cortland,62,64,0.3438,0.0907,0.2188,96.88,15,8
1,2025-11-14,2025-26,1,Skidmore,Home,2,Middlebury,91,76,0.5094,0.1283,0.6415,121.33,18,28
1,2025-11-14,2025-26,2,Middlebury,Away,1,Skidmore,87,76,0.4328,0.1034,0.3731,112.99,18,28
29,2025-12-06,2025-26,2,Middlebury,Home,77,Rochester (N.Y.),77,78,0.4203,0.154,0.2609,98.72,27,18
29,2025-12-06,2025-26,77,Rochester (N.Y.),Away,2,Middlebury,79,78,0.4844,0.1313,0.3125,101.28,27,18
2,2025-12-07,2025-26,2,Middlebury,Home,11,Carnegie Mellon,57,75,0.2958,0.1165,0.1549,75,24,15
2,2025-12-07,2025-26,11,Carnegie Mellon,Away,2,Middlebury,70,75,0.4833,0.1776,0.1833,94.59,24,15
33,2026-01-02,2025-26,2,Middlebury,Home,85,Lasell,102,80,0.5965,0.2195,0.4211,127.5,24,13
33,2026-01-02,2025-26,85,Lasell,Away,2,Middlebury,96,80,0.5455,0.0842,0.3485,120,24,13
34,2026-01-06,2025-26,88,WPI,Home,2,Middlebury,85,75,0.4839,0.1585,0.2581,113.33,29,25
34,2026-01-06,2025-26,2,Middlebury,Away,88,WPI,57,75,0.3273,0.175,0.4545,76,29,25
35,2026-01-09,2025-26,2,Middlebury,Home,89,Trinity (CT),62,66.5,0.4706,0.2099,0.4118,93.94,28,8
35,2026-01-09,2025-26,89,Trinity (CT),Away,2,Middlebury,79,66.5,0.4262,0.0653,0.3934,117.91,28,8
36,2026-01-10,2025-26,2,Middlebury,Home,92,Wesleyan (CT),62,72.5,0.3333,0.1138,0.3833,86.11,30,24
36,2026-01-10,2025-26,92,Wesleyan (CT),Away,2,Middlebury,86,72.5,0.5,0.1221,0.45,117.81,30,24
37,2026-01-16,2025-26,94,Connecticut Col.,Home,2,Middlebury,78,68.5,0.3472,0.0901,0.2778,114.71,24,23
37,2026-01-16,2025-26,2,Middlebury,Away,94,Connecticut Col.,66,68.5,0.3559,0.1152,0.3898,95.65,24,23
38,2026-01-17,2025-26,96,Tufts,Home,2,Middlebury,73,73,0.4068,0.123,0.4746,100,21,24
38,2026-01-17,2025-26,2,Middlebury,Away,96,Tufts,62,73,0.3889,0.1823,0.3704,84.93,21,24
39,2026-01-19,2025-26,2,Middlebury,Home,97,Keene St.,87,81.5,0.4118,0.1107,0.4118,103.57,29,20
39,2026-01-19,2025-26,97,Keene St.,Away,2,Middlebury,89,81.5,0.4444,0.0811,0.5873,112.66,29,20
40,2026-01-24,2025-26,2,Middlebury,Home,100,Williams,76,72.5,0.4643,0.1443,0.375,104.11,29,23
40,2026-01-24,2025-26,100,Williams,Away,2,Middlebury,73,72.5,0.4746,0.1636,0.2881,101.39,29,23
41,2026-02-03,2025-26,2,Middlebury,Home,101,VTSU-Johnson,97,81,0.4524,0.125,0.1905,119.75,28,15
41,2026-02-03,2025-26,101,VTSU-Johnson,Away,2,Middlebury,76,81,0.4308,0.1644,0.2154,93.83,28,15
42,2026-02-07,2025-26,104,Colby,Home,2,Middlebury,83,73.5,0.3871,0.0856,0.4677,112.16,33,27
42,2026-02-07,2025-26,2,Middlebury,Away,104,Colby,71,73.5,0.3846,0.1603,0.2923,97.26,33,27
43,2026-02-13,2025-26,2,Middlebury,Home,105,Amherst,64,70.5,0.3571,0.1092,0.375,91.43,25,14
43,2026-02-13,2025-26,105,Amherst,Away,2,Middlebury,79,70.5,0.4912,0.1578,0.2807,111.27,25,14
44,2026-02-14,2025-26,2,Middlebury,Home,107,Hamilton,60,74.5,0.3088,0.1492,0.2059,81.08,22,10
44,2026-02-14,2025-26,107,Hamilton,Away,2,Middlebury,73,74.5,0.3607,0.1611,0.4426,97.33,22,10
45,2025-11-14,2025-26,100,Williams,Home,1,Skidmore,69,77.5,0.4,0.2458,0.4,87.34,22,18
45,2025-11-14,2025-26,1,Skidmore,Away,100,Williams,73,77.5,0.3971,0.1379,0.2353,96.05,22,18
46,2025-11-19,2025-26,89,Trinity (CT),Home,1,Skidmore,72,71,0.4688,0.2251,0.1719,100,19,23
46,2025-11-19,2025-26,1,Skidmore,Away,89,Trinity (CT),56,71,0.386,0.1747,0.1754,80,19,23
47,2025-11-22,2025-26,1,Skidmore,Home,114,Bowdoin,46,69.5,0.3137,0.2348,0.1961,65.71,21,19
47,2025-11-22,2025-26,114,Bowdoin,Away,1,Skidmore,68,69.5,0.459,0.2738,0.0984,98.55,21,19
48,2025-12-02,2025-26,2,Middlebury,Home,1,Skidmore,62,75,0.3871,0.2202,0.1935,83.78,23,24
48,2025-12-02,2025-26,1,Skidmore,Away,2,Middlebury,49,75,0.3273,0.2332,0.3091,64.47,23,24
49,2025-12-05,2025-26,1,Skidmore,Home,117,RIT,46,59.5,0.2419,0.0696,0.1774,77.97,20,16
49,2025-12-05,2025-26,117,RIT,Away,1,Skidmore,47,59.5,0.3077,0.1532,0.0462,78.33,20,16
50,2025-12-06,2025-26,1,Skidmore,Home,119,Ithaca,54,73.5,0.375,0.264,0.5,75,23,21
50,2025-12-06,2025-26,119,Ithaca,Away,1,Skidmore,69,73.5,0.4127,0.2399,0.127,92,23,21
51,2025-12-11,2025-26,92,Wesleyan (CT),Home,1,Skidmore,50,69,0.3396,0.2092,0.3208,71.43,12,17
51,2025-12-11,2025-26,1,Skidmore,Away,92,Wesleyan (CT),46,69,0.2931,0.1549,0.2931,67.65,12,17
52,2026-01-03,2025-26,96,Tufts,Home,1,Skidmore,63,69,0.3966,0.2179,0.2586,92.65,16,22
52,2026-01-03,2025-26,1,Skidmore,Away,96,Tufts,67,69,0.5294,0.2252,0.3333,95.71,16,22
53,2026-01-05,2025-26,125,NYU,Home,1,Skidmore,118,94.5,0.4889,0.1241,0.2222,125.53,15,36
53,2026-01-05,2025-26,1,Skidmore,Away,125,NYU,52,94.5,0.4107,0.4232,0.1607,54.74,15,36
54,2026-01-09,2025-26,128,William Smith,Home,1,Skidmore,49,75,0.3269,0.3038,0.2308,65.33,21,28
54,2026-01-09,2025-26,1,Skidmore,Away,128,William Smith,65,75,0.3662,0.1709,0.2113,86.67,21,28
56,2026-01-16,2025-26,132,St. Lawrence,Home,1,Skidmore,61,66,0.3621,0.1822,0.1897,95.31,14,17
56,2026-01-16,2025-26,1,Skidmore,Away,132,St. Lawrence,59,66,0.3934,0.1559,0.1475,86.76,14,17
57,2026-01-17,2025-26,134,Clarkson,Home,1,Skidmore,48,67,0.3704,0.3097,0.1667,71.64,15,22
57,2026-01-17,2025-26,1,Skidmore,Away,134,Clarkson,77,67,0.4384,0.1042,0.137,114.93,15,22
58,2026-01-20,2025-26,1,Skidmore,Home,135,Vassar,50,64.5,0.3621,0.2347,0.1552,79.37,22,16
58,2026-01-20,2025-26,135,Vassar,Away,1,Skidmore,53,64.5,0.413,0.2932,0.3478,80.3,22,16
59,2026-01-23,2025-26,1,Skidmore,Home,137,Bard,54,70.5,0.3607,0.1955,0.1803,76.06,25,6
59,2026-01-23,2025-26,137,Bard,Away,1,Skidmore,29,70.5,0.2558,0.3966,0.1395,41.43,25,6
60,2026-01-27,2025-26,1,Skidmore,Home,69,Union (NY),71,66,0.5,0.1551,0.3462,105.97,23,12
60,2026-01-27,2025-26,69,Union (NY),Away,1,Skidmore,54,66,0.3448,0.2141,0.1724,83.08,23,12
62,2026-01-31,2025-26,1,Skidmore,Home,128,William Smith,62,73,0.375,0.2504,0.1719,82.67,27,20
62,2026-01-31,2025-26,128,William Smith,Away,1,Skidmore,39,73,0.25,0.2921,0.2692,54.93,27,20
63,2026-02-03,2025-26,135,Vassar,Home,1,Skidmore,55,69.5,0.4286,0.2637,0.1071,78.57,16,21
63,2026-02-03,2025-26,1,Skidmore,Away,135,Vassar,59,69.5,0.4237,0.2015,0.1695,85.51,16,21
65,2026-02-07,2025-26,137,Bard,Home,1,Skidmore,31,73,0.2653,0.3676,0.0408,43.06,14,27
65,2026-02-07,2025-26,1,Skidmore,Away,137,Bard,67,73,0.4746,0.2952,0.1186,90.54,14,27
66,2026-02-13,2025-26,1,Skidmore,Home,134,Clarkson,68,67,0.4576,0.1461,0.2034,103.03,24,18
66,2026-02-13,2025-26,134,Clarkson,Away,1,Skidmore,47,67,0.3091,0.2833,0.2364,69.12,24,18
67,2025-11-07,2025-26,69,Union (NY),Home,153,SUNY Poly,84,68.5,0.5333,0.1157,0.3333,123.53,16,23
67,2025-11-07,2025-26,153,SUNY Poly,Away,69,Union (NY),55,68.5,0.375,0.2013,0.3036,79.71,16,23
68,2026-02-14,2025-26,1,Skidmore,Home,132,St. Lawrence,66,71.5,0.4483,0.1781,0.2586,91.67,22,18
68,2026-02-14,2025-26,132,St. Lawrence,Away,1,Skidmore,51,71.5,0.2807,0.2616,0.3158,71.83,22,18
69,2025-11-08,2025-26,158,Oswego St.,Home,69,Union (NY),75,73.5,0.3733,0.0682,0.2133,101.35,13,12
69,2025-11-08,2025-26,69,Union (NY),Away,158,Oswego St.,81,73.5,0.5323,0.1413,0.1774,110.96,13,12
70,2026-02-20,2025-26,119,Ithaca,Home,1,Skidmore,64,72,0.3684,0.1946,0.3684,88.89,21,24
70,2026-02-20,2025-26,1,Skidmore,Away,119,Ithaca,47,72,0.3415,0.2887,0.7317,65.28,21,24
25,2025-11-20,2025-26,2,Middlebury,Home,69,Union (NY),127,120,0.4098,0.1054,0.0984,107.63,44,14
25,2025-11-20,2025-26,69,Union (NY),Away,2,Middlebury,72,72.5,0.4444,0.1487,0.2063,97.3,44,14
73,2026-02-21,2025-26,117,RIT,Home,1,Skidmore,58,63.5,0.4423,0.2434,0.1731,93.55,13,20
73,2026-02-21,2025-26,1,Skidmore,Away,117,RIT,49,63.5,0.38,0.1761,0.28,75.38,13,20
74,2026-02-24,2025-26,76,Rensselaer,Home,1,Skidmore,42,64.5,0.2807,0.2267,0.1754,66.67,10,24
74,2026-02-24,2025-26,1,Skidmore,Away,76,Rensselaer,50,64.5,0.3559,0.1682,0.2034,75.76,10,24
75,2025-11-29,2025-26,69,Union (NY),Home,169,Manhattanville,88,76,0.6078,0.2548,0.3333,115.79,19,13
75,2025-11-29,2025-26,169,Manhattanville,Away,69,Union (NY),66,76,0.4,0.1304,0.2923,86.84,19,13
76,2025-11-30,2025-26,69,Union (NY),Home,89,Trinity (CT),56,69,0.3878,0.2474,0.4082,78.87,14,10
76,2025-11-30,2025-26,89,Trinity (CT),Away,69,Union (NY),97,69,0.5342,0.0962,0.0685,144.78,14,10
77,2026-02-27,2025-26,117,RIT,Home,1,Skidmore,53,60,0.3958,0.2589,0.1667,88.33,12,18
77,2026-02-27,2025-26,1,Skidmore,Away,117,RIT,45,60,0.375,0.158,0.25,75,12,18
78,2025-12-05,2025-26,69,Union (NY),Home,132,St. Lawrence,72,70.5,0.4815,0.1633,0.3148,100,14,19
78,2025-12-05,2025-26,132,St. Lawrence,Away,69,Union (NY),68,70.5,0.375,0.1363,0.2031,98.55,14,19
79,2025-12-06,2025-26,69,Union (NY),Home,134,Clarkson,85,67.5,0.5323,0.1265,0.2581,125,14,19
79,2025-12-06,2025-26,134,Clarkson,Away,69,Union (NY),70,67.5,0.4237,0.1236,0.1864,104.48,14,19
81,2026-01-03,2025-26,117,RIT,Home,69,Union (NY),63,70,0.4407,0.1799,0.1864,91.3,13,18
81,2026-01-03,2025-26,69,Union (NY),Away,117,RIT,74,70,0.4394,0.1004,0.197,104.23,13,18
83,2026-01-10,2025-26,119,Ithaca,Home,69,Union (NY),73,73,0.4516,0.1224,0.3548,104.29,33,17
83,2026-01-10,2025-26,69,Union (NY),Away,119,Ithaca,81,73,0.5091,0.1852,0.4545,106.58,33,17
84,2026-01-13,2025-26,69,Union (NY),Home,117,RIT,94,81.5,0.4762,0.1243,0.5238,114.63,16,13
84,2026-01-13,2025-26,117,RIT,Away,69,Union (NY),90,81.5,0.4769,0.1384,0.3385,111.11,16,13
85,2026-01-16,2025-26,69,Union (NY),Home,137,Bard,89,76,0.4861,0.1112,0.25,117.11,18,15
85,2026-01-16,2025-26,137,Bard,Away,69,Union (NY),60,76,0.3833,0.1969,0.2,78.95,18,15
86,2026-01-17,2025-26,69,Union (NY),Home,135,Vassar,74,67,0.431,0.1076,0.3276,112.12,9,19
86,2026-01-17,2025-26,135,Vassar,Away,69,Union (NY),76,67,0.4915,0.0947,0.3051,111.76,9,19
87,2026-01-23,2025-26,193,Hobart,Home,69,Union (NY),72,70.5,0.4412,0.1699,0.1765,101.41,15,13
87,2026-01-23,2025-26,69,Union (NY),Away,193,Hobart,90,70.5,0.5507,0.111,0.1014,128.57,15,13
88,2026-01-30,2025-26,69,Union (NY),Home,119,Ithaca,86,79.5,0.5,0.1625,0.2121,110.26,14,27
88,2026-01-30,2025-26,119,Ithaca,Away,69,Union (NY),79,79.5,0.4667,0.2121,0.4,97.53,14,27
64,2026-02-06,2025-26,69,Union (NY),Home,1,Skidmore,139,143,0.4322,0.1533,0.2797,97.2,26,40
64,2026-02-06,2025-26,1,Skidmore,Away,69,Union (NY),116,143,0.3282,0.1238,0.1832,81.12,26,40
91,2026-02-07,2025-26,69,Union (NY),Home,193,Hobart,75,69.5,0.4107,0.141,0.4464,107.14,14,14
91,2026-02-07,2025-26,193,Hobart,Away,69,Union (NY),68,69.5,0.4098,0.0911,0.3279,98.55,14,14
92,2026-02-13,2025-26,135,Vassar,Home,69,Union (NY),68,77,0.2917,0.1342,0.375,88.31,22,12
92,2026-02-13,2025-26,69,Union (NY),Away,135,Vassar,61,77,0.3143,0.1375,0.1714,79.22,22,12
93,2026-02-14,2025-26,137,Bard,Home,69,Union (NY),56,68.5,0.3214,0.141,0.4464,82.35,20,17
93,2026-02-14,2025-26,69,Union (NY),Away,137,Bard,84,68.5,0.4366,0.1353,0.1831,121.74,20,17
94,2026-02-20,2025-26,134,Clarkson,Home,69,Union (NY),77,70.5,0.4559,0.0774,0.1176,106.94,13,10
94,2026-02-20,2025-26,69,Union (NY),Away,134,Clarkson,83,70.5,0.3944,0.0902,0.3099,120.29,13,10
95,2025-11-11,2025-26,72,Stevens,Home,209,Rutgers-Newark,90,79,0.5,0.132,0.4667,115.38,16,14
95,2025-11-11,2025-26,209,Rutgers-Newark,Away,72,Stevens,79,79,0.4286,0.1437,0.2429,98.75,16,14
96,2026-02-21,2025-26,132,St. Lawrence,Home,69,Union (NY),74,61,0.5556,0.1874,0.3556,123.33,9,10
96,2026-02-21,2025-26,69,Union (NY),Away,132,St. Lawrence,58,61,0.4259,0.1565,0.2222,93.55,9,10
97,2025-11-14,2025-26,72,Stevens,Home,213,Chapman,84,79,0.4769,0.129,0.3231,102.44,14,30
97,2025-11-14,2025-26,213,Chapman,Away,72,Stevens,68,79,0.3676,0.1278,0.2353,89.47,14,30
98,2026-02-27,2025-26,69,Union (NY),Home,135,Vassar,67,69,0.4667,0.191,0.1333,98.53,15,11
98,2026-02-27,2025-26,135,Vassar,Away,69,Union (NY),72,69,0.3846,0.1212,0.2615,102.86,15,11
99,2025-11-19,2025-26,72,Stevens,Home,217,New Jersey City,84,71,0.4909,0.1664,0.4182,123.53,14,22
99,2025-11-19,2025-26,217,New Jersey City,Away,72,Stevens,69,71,0.459,0.1369,0.3115,93.24,14,22
26,2025-11-22,2025-26,72,Stevens,Home,2,Middlebury,74,79.5,0.3043,0.0651,0.5652,92.5,10,35
26,2025-11-22,2025-26,2,Middlebury,Away,72,Stevens,87,79.5,0.4516,0.1496,0.4355,110.13,10,35
101,2025-11-25,2025-26,222,Baruch,Home,72,Stevens,74,73.5,0.4426,0.1392,0.2623,101.37,20,19
101,2025-11-25,2025-26,72,Stevens,Away,222,Baruch,97,73.5,0.5645,0.1695,0.2419,131.08,20,19
102,2025-12-03,2025-26,72,Stevens,Home,223,Franklin & Marshall,74,71.5,0.4576,0.1692,0.1864,102.78,12,14
102,2025-12-03,2025-26,223,Franklin & Marshall,Away,72,Stevens,77,71.5,0.4203,0.1128,0.3188,108.45,12,14
103,2025-12-06,2025-26,226,Albright,Home,72,Stevens,79,72.5,0.4516,0.1134,0.3065,109.72,15,17
103,2025-12-06,2025-26,72,Stevens,Away,226,Albright,74,72.5,0.4655,0.2029,0.3448,101.37,15,17
80,2025-12-10,2025-26,69,Union (NY),Home,72,Stevens,79,72.5,0.5082,0.1289,0.2459,108.22,14,14
80,2025-12-10,2025-26,72,Stevens,Away,69,Union (NY),66,72.5,0.4138,0.1724,0.1724,91.67,14,14
105,2025-12-14,2025-26,229,Scranton,Home,72,Stevens,83,67.5,0.6,0.1695,0.4,122.06,19,13
105,2025-12-14,2025-26,72,Stevens,Away,229,Scranton,80,67.5,0.5686,0.1943,0.3137,119.4,19,13
106,2026-01-02,2025-26,72,Stevens,Home,232,St. Joseph's (ME),96,83.5,0.5818,0.2475,0.4909,115.66,13,14
106,2026-01-02,2025-26,232,St. Joseph's (ME),Away,72,Stevens,89,83.5,0.4714,0.168,0.3,105.95,13,14
107,2026-01-03,2025-26,72,Stevens,Home,233,Kean,67,69,0.3889,0.1676,0.4444,98.53,15,9
107,2026-01-03,2025-26,233,Kean,Away,72,Stevens,63,69,0.3729,0.1293,0.322,90,15,9
108,2026-01-07,2025-26,235,Misericordia,Home,72,Stevens,72,66.5,0.4219,0.1112,0.2813,104.35,17,14
108,2026-01-07,2025-26,72,Stevens,Away,235,Misericordia,49,66.5,0.36,0.2148,0.22,76.56,17,14
109,2026-01-10,2025-26,72,Stevens,Home,237,Arcadia,65,64,0.4894,0.2058,0.3404,101.56,12,16
109,2026-01-10,2025-26,237,Arcadia,Away,72,Stevens,66,64,0.48,0.1596,0.36,103.13,12,16
110,2026-01-14,2025-26,72,Stevens,Home,239,King's (PA),87,71,0.5072,0.088,0.1159,122.54,17,19
110,2026-01-14,2025-26,239,King's (PA),Away,72,Stevens,67,71,0.3968,0.1158,0.2063,94.37,17,19
111,2025-11-05,2025-26,241,Vermont,Home,74,Plattsburgh St.,113,77,0.56,0.0884,0.2267,143.04,17,16
111,2025-11-05,2025-26,74,Plattsburgh St.,Away,241,Vermont,62,77,0.3448,0.143,0.3103,82.67,17,16
112,2026-01-17,2025-26,72,Stevens,Home,243,DeSales,78,72,0.4286,0.1357,0.254,111.43,9,16
112,2026-01-17,2025-26,243,DeSales,Away,72,Stevens,68,72,0.4058,0.1536,0.087,91.89,9,16
113,2025-11-08,2025-26,1,Skidmore,Home,74,Plattsburgh St.,73,74.5,0.4079,0.083,0.0395,98.65,14,10
113,2025-11-08,2025-26,74,Plattsburgh St.,Away,1,Skidmore,80,74.5,0.4737,0.124,0.5439,106.67,14,10
114,2026-01-21,2025-26,248,Delaware Valley,Home,72,Stevens,66,68.5,0.4068,0.1338,0.2203,94.29,15,13
114,2026-01-21,2025-26,72,Stevens,Away,248,Delaware Valley,75,68.5,0.5085,0.1721,0.1356,111.94,15,13
115,2025-11-11,2025-26,74,Plattsburgh St.,Home,249,Norwich,67,77,0.3788,0.1704,0.2424,85.9,15,15
115,2025-11-11,2025-26,249,Norwich,Away,74,Plattsburgh St.,60,77,0.4107,0.2772,0.1607,78.95,15,15
116,2026-01-24,2025-26,252,FDU-Florham,Home,72,Stevens,56,72.5,0.3038,0.1091,0.0759,75.68,24,15
116,2026-01-24,2025-26,72,Stevens,Away,252,FDU-Florham,76,72.5,0.4375,0.1156,0.1719,107.04,24,15
117,2025-11-18,2025-26,132,St. Lawrence,Home,74,Plattsburgh St.,87,78.5,0.4,0.1918,0.6,112.99,13,12
117,2025-11-18,2025-26,74,Plattsburgh St.,Away,132,St. Lawrence,79,78.5,0.3704,0.1287,0.1975,98.75,13,12
118,2026-01-28,2025-26,72,Stevens,Home,255,Lebanon Valley,71,70,0.459,0.1622,0.2295,104.41,9,25
118,2026-01-28,2025-26,255,Lebanon Valley,Away,72,Stevens,70,70,0.4,0.1353,0.1846,97.22,9,25
72,2025-11-22,2025-26,74,Plattsburgh St.,Home,69,Union (NY),73,71.5,0.3421,0.0664,0.25,102.82,12,11
72,2025-11-22,2025-26,69,Union (NY),Away,74,Plattsburgh St.,80,71.5,0.4697,0.1091,0.2576,111.11,12,11
120,2026-01-31,2025-26,237,Arcadia,Home,72,Stevens,79,71.5,0.5254,0.1861,0.2542,108.22,13,7
120,2026-01-31,2025-26,72,Stevens,Away,237,Arcadia,82,71.5,0.5094,0.1759,0.3396,117.14,13,7
27,2025-11-25,2025-26,74,Plattsburgh St.,Home,2,Middlebury,89,75.5,0.4533,0.079,0.2,118.67,15,22
27,2025-11-25,2025-26,2,Middlebury,Away,74,Plattsburgh St.,92,75.5,0.4928,0.1221,0.3333,121.05,15,22
122,2026-02-04,2025-26,239,King's (PA),Home,72,Stevens,89,79,0.4342,0.0862,0.2632,112.66,17,18
122,2026-02-04,2025-26,72,Stevens,Away,239,King's (PA),93,79,0.6538,0.1778,0.5577,117.72,17,18
123,2025-12-05,2025-26,74,Plattsburgh St.,Home,265,Fredonia,94,76,0.507,0.1019,0.2676,125.33,18,17
123,2025-12-05,2025-26,265,Fredonia,Away,74,Plattsburgh St.,78,76,0.4265,0.1441,0.3088,101.3,18,17
145,2026-02-07,2025-26,289,SUNY Morrisville,Home,74,Plattsburgh St.,98,90.5,0.4706,0.1393,0.4118,108.89,25,7
145,2026-02-07,2025-26,74,Plattsburgh St.,Away,289,SUNY Morrisville,100,90.5,0.4359,0.1143,0.4359,109.89,25,7
146,2026-02-13,2025-26,269,Buffalo St.,Home,74,Plattsburgh St.,66,67,0.4107,0.1477,0.3036,97.06,12,11
146,2026-02-13,2025-26,74,Plattsburgh St.,Away,269,Buffalo St.,64,67,0.3906,0.1509,0.125,96.97,12,11
147,2026-02-14,2025-26,265,Fredonia,Home,74,Plattsburgh St.,89,75.5,0.5873,0.152,0.1429,120.27,14,10
147,2026-02-14,2025-26,74,Plattsburgh St.,Away,265,Fredonia,91,75.5,0.4789,0.0477,0.2817,118.18,14,10
148,2026-02-20,2025-26,74,Plattsburgh St.,Home,300,SUNY New Paltz,79,84.5,0.3816,0.13,0.3289,92.94,14,19
148,2026-02-20,2025-26,300,SUNY New Paltz,Away,74,Plattsburgh St.,80,84.5,0.4478,0.1644,0.3134,95.24,14,19
149,2026-02-21,2025-26,74,Plattsburgh St.,Home,298,SUNY Oneonta,77,72.5,0.5094,0.1769,0.3208,108.45,11,9
149,2026-02-21,2025-26,298,SUNY Oneonta,Away,74,Plattsburgh St.,92,72.5,0.5246,0.1111,0.4098,124.32,11,9
150,2026-02-24,2025-26,300,SUNY New Paltz,Home,74,Plattsburgh St.,88,93,0.4268,0.1258,0.2317,93.62,14,9
150,2026-02-24,2025-26,74,Plattsburgh St.,Away,300,SUNY New Paltz,95,93,0.4706,0.188,0.4706,103.26,14,9
151,2026-02-27,2025-26,293,Cortland,Home,308,Plattsburgh,96,70,0.5821,0.1126,0.1343,133.33,15,11
151,2026-02-27,2025-26,308,Plattsburgh,Away,293,Cortland,71,70,0.4444,0.1832,0.1667,104.41,15,11
152,2025-11-07,2025-26,324,VTSU Castleton,Home,76,Rensselaer,60,60.5,0.4667,0.2012,0.3333,103.45,21,11
152,2025-11-07,2025-26,76,Rensselaer,Away,324,VTSU Castleton,72,60.5,0.4333,0.1402,0.2833,114.29,21,11
153,2025-11-10,2025-26,325,SUNY Delhi,Home,76,Rensselaer,55,72.5,0.35,0.1661,0.2,75.34,14,16
153,2025-11-10,2025-26,76,Rensselaer,Away,325,SUNY Delhi,72,72.5,0.4808,0.1912,0.5,100,14,16
154,2025-11-15,2025-26,328,Penn St.-Altoona,Home,76,Rensselaer,69,72.5,0.4118,0.2164,0.4706,94.52,25,17
154,2025-11-15,2025-26,76,Rensselaer,Away,328,Penn St.-Altoona,98,72.5,0.5645,0.09,0.3226,136.11,25,17
156,2025-11-25,2025-26,76,Rensselaer,Home,331,SUNY Cobleskill,66,66.5,0.3968,0.1479,0.2222,98.51,12,19
156,2025-11-25,2025-26,331,SUNY Cobleskill,Away,76,Rensselaer,42,66.5,0.2745,0.1967,0.2745,63.64,12,19
28,2025-11-30,2025-26,2,Middlebury,Home,76,Rensselaer,81,64,0.4727,0.1107,0.3818,126.56,21,8
28,2025-11-30,2025-26,76,Rensselaer,Away,2,Middlebury,75,64,0.5208,0.1655,0.3542,117.19,21,8
158,2025-12-05,2025-26,76,Rensselaer,Home,134,Clarkson,52,62.5,0.3214,0.173,0.25,83.87,12,12
158,2025-12-05,2025-26,134,Clarkson,Away,76,Rensselaer,48,62.5,0.3051,0.1258,0.1356,76.19,12,12
159,2025-12-06,2025-26,76,Rensselaer,Home,132,St. Lawrence,65,69.5,0.3833,0.1979,0.1833,92.86,8,18
159,2025-12-06,2025-26,132,St. Lawrence,Away,76,Rensselaer,62,69.5,0.322,0.1043,0.3729,89.86,8,18
160,2025-12-13,2025-26,137,Bard,Home,76,Rensselaer,47,68,0.3774,0.2883,0.0566,69.12,21,9
160,2025-12-13,2025-26,76,Rensselaer,Away,137,Bard,76,68,0.4225,0.0954,0.1549,111.76,21,9
161,2025-12-31,2025-26,342,Utica,Home,76,Rensselaer,82,64.5,0.5714,0.2001,0.1607,126.15,14,5
161,2025-12-31,2025-26,76,Rensselaer,Away,342,Utica,77,64.5,0.5636,0.1942,0.1273,120.31,14,5
162,2026-01-03,2025-26,76,Rensselaer,Home,137,Bard,91,73,0.5385,0.1105,0.2615,119.74,13,18
162,2026-01-03,2025-26,137,Bard,Away,76,Rensselaer,38,73,0.2222,0.3012,0.4222,54.29,13,18
82,2026-01-09,2025-26,76,Rensselaer,Home,69,Union (NY),59,65,0.3443,0.1189,0.2131,90.77,11,19
82,2026-01-09,2025-26,69,Union (NY),Away,76,Rensselaer,76,65,0.4426,0.1175,0.2459,116.92,11,19
55,2026-01-10,2025-26,76,Rensselaer,Home,1,Skidmore,127,139,0.3932,0.1899,0.2137,92.03,23,40
55,2026-01-10,2025-26,1,Skidmore,Away,76,Rensselaer,103,139,0.3519,0.2134,0.287,73.57,23,40
165,2026-01-16,2025-26,119,Ithaca,Home,76,Rensselaer,73,68.5,0.4545,0.1947,0.2909,107.35,25,7
165,2026-01-16,2025-26,76,Rensselaer,Away,119,Ithaca,88,68.5,0.6379,0.1472,0.2241,127.54,25,7
166,2026-01-17,2025-26,117,RIT,Home,76,Rensselaer,62,68.5,0.4,0.2175,0.2545,91.18,11,13
166,2026-01-17,2025-26,76,Rensselaer,Away,117,RIT,79,68.5,0.5833,0.2317,0.3958,114.49,11,13
167,2026-01-23,2025-26,135,Vassar,Home,76,Rensselaer,56,60.5,0.3333,0.1382,0.3519,91.8,26,6
167,2026-01-23,2025-26,76,Rensselaer,Away,135,Vassar,62,60.5,0.42,0.1738,0.32,103.33,26,6
89,2026-01-31,2025-26,69,Union (NY),Home,76,Rensselaer,50,66,0.3462,0.2358,0.1346,76.92,12,3
89,2026-01-31,2025-26,76,Rensselaer,Away,69,Union (NY),56,66,0.42,0.2366,0.22,83.58,12,3
172,2026-02-07,2025-26,76,Rensselaer,Home,135,Vassar,61,60.5,0.4894,0.2112,0.2553,101.67,3,21
172,2026-02-07,2025-26,135,Vassar,Away,76,Rensselaer,58,60.5,0.4151,0.1858,0.1698,95.08,3,21
31,2025-12-28,2025-26,82,Wheaton College (MA),Home,81,Middlebury College,164,166,0.4531,0.1531,0.2813,98.8,31,28
31,2025-12-28,2025-26,81,Middlebury College,Away,82,Wheaton College (MA),100,109.5,0.3762,0.1525,0.2277,91.74,31,28
32,2025-12-29,2025-26,84,Medgar Evers,Home,81,Middlebury College,65,117,0.2323,0.1244,0.1515,56.52,29,15
32,2025-12-29,2025-26,81,Middlebury College,Away,84,Medgar Evers,101,83.5,0.443,0.1246,0.3544,120.24,29,15
168,2026-01-24,2025-26,193,Hobart,Home,76,Rensselaer,62,69,0.4038,0.2336,0.3077,89.86,15,5
168,2026-01-24,2025-26,76,Rensselaer,Away,193,Hobart,66,69,0.3226,0.091,0.2903,95.65,15,5
181,2026-03-01,2025-26,76,Rensselaer,Home,135,Vassar,53,60.5,0.4,0.142,0.2,88.33,8,11
181,2026-03-01,2025-26,135,Vassar,Away,76,Rensselaer,57,60.5,0.3729,0.1228,0.2034,93.44,8,11
187,2025-12-07,2025-26,114,Bowdoin,Home,370,Rochester,72,76.5,0.4667,0.2002,0.3,94.74,19,16
187,2025-12-07,2025-26,370,Rochester,Away,114,Bowdoin,70,76.5,0.3492,0.109,0.381,90.91,19,16
193,2026-01-23,2025-26,370,Rochester,Home,11,Carnegie Mellon,94,75,0.5517,0.1964,0.2931,128.77,18,15
193,2026-01-23,2025-26,11,Carnegie Mellon,Away,370,Rochester,84,75,0.4677,0.2075,0.3871,109.09,18,15
194,2026-01-25,2025-26,370,Rochester,Home,407,CWRU,97,88.5,0.3974,0.1058,0.4359,108.99,18,36
194,2026-01-25,2025-26,407,CWRU,Away,370,Rochester,88,88.5,0.4521,0.1536,0.3014,100,18,36
61,2026-01-30,2025-26,1,Skidmore,Home,76,Rensselaer,128,139,0.3981,0.1933,0.3611,93.43,38,12
61,2026-01-30,2025-26,76,Rensselaer,Away,1,Skidmore,128,139,0.3534,0.2045,0.319,90.78,38,12
171,2026-02-06,2025-26,76,Rensselaer,Home,193,Hobart,73,65,0.4211,0.0944,0.4035,112.31,9,13
171,2026-02-06,2025-26,193,Hobart,Away,76,Rensselaer,68,65,0.3934,0.1706,0.2623,104.62,9,13
173,2026-02-13,2025-26,76,Rensselaer,Home,117,RIT,65,65,0.46,0.1596,0.36,100,5,13
173,2026-02-13,2025-26,117,RIT,Away,76,Rensselaer,53,65,0.3269,0.1838,0.25,81.54,5,13
174,2026-02-14,2025-26,76,Rensselaer,Home,119,Ithaca,82,68,0.6458,0.2159,0.4792,117.14,16,30
174,2026-02-14,2025-26,119,Ithaca,Away,76,Rensselaer,70,68,0.4167,0.1442,0.2,106.06,16,30
176,2026-02-20,2025-26,132,St. Lawrence,Home,76,Rensselaer,48,59.5,0.3725,0.1211,0.3137,80,12,10
176,2026-02-20,2025-26,76,Rensselaer,Away,132,St. Lawrence,56,59.5,0.4348,0.213,0.2826,94.92,12,10
178,2026-02-21,2025-26,134,Clarkson,Home,76,Rensselaer,66,64.5,0.383,0.1461,0.5532,103.13,20,8
178,2026-02-21,2025-26,76,Rensselaer,Away,134,Clarkson,75,64.5,0.5435,0.1739,0.5435,115.38,20,8
179,2025-11-15,2025-26,370,Rochester,Home,342,Utica,103,71.5,0.5758,0.0776,0.1818,147.14,12,23
179,2025-11-15,2025-26,342,Utica,Away,370,Rochester,80,71.5,0.5455,0.2478,0.2364,109.59,12,23
180,2026-02-27,2025-26,76,Rensselaer,Home,132,St. Lawrence,62,61,0.4348,0.1808,0.413,101.64,7,9
180,2026-02-27,2025-26,132,St. Lawrence,Away,76,Rensselaer,58,61,0.42,0.1807,0.2,95.08,7,9
183,2025-11-22,2025-26,386,Nazareth,Home,370,Rochester,73,74,0.4286,0.0403,0.3016,98.65,23,15
183,2025-11-22,2025-26,370,Rochester,Away,386,Nazareth,87,74,0.4655,0.1016,0.5,117.57,23,15
186,2025-12-06,2025-26,2,Middlebury,Home,370,Rochester,77,78,0.4203,0.154,0.2609,98.72,28,14
186,2025-12-06,2025-26,370,Rochester,Away,2,Middlebury,79,78,0.4844,0.1313,0.3125,101.28,28,14
202,2026-02-22,2025-26,407,CWRU,Home,370,Rochester,110,78.5,0.5588,0.152,0.3382,141.03,22,13
202,2026-02-22,2025-26,370,Rochester,Away,407,CWRU,98,78.5,0.5588,0.14,0.1912,124.05,22,13
203,2026-02-28,2025-26,399,Emory,Home,370,Rochester,93,79.5,0.5231,0.1193,0.3077,116.25,10,17
203,2026-02-28,2025-26,370,Rochester,Away,399,Emory,89,79.5,0.4925,0.1479,0.2687,112.66,10,17
175,2025-11-07,2025-26,370,Rochester,Home,369,SUNY Cortland,74,69.5,0.4528,0.1335,0.5094,105.71,17,14
175,2025-11-07,2025-26,369,SUNY Cortland,Away,370,Rochester,69,69.5,0.4,0.1363,0.3667,100,17,14
177,2025-11-14,2025-26,370,Rochester,Home,269,Buffalo St.,94,82.5,0.52,0.1394,0.16,116.05,15,21
177,2025-11-14,2025-26,269,Buffalo St.,Away,370,Rochester,56,82.5,0.322,0.2353,0.3559,66.67,15,21
197,2026-02-06,2025-26,370,Rochester,Home,410,Chicago,78,71.5,0.4727,0.12,0.4545,105.41,13,16
197,2026-02-06,2025-26,410,Chicago,Away,370,Rochester,88,71.5,0.5082,0.1213,0.4262,127.54,13,16
198,2026-02-08,2025-26,370,Rochester,Home,412,WashU,76,73,0.403,0.0612,0.3284,102.7,14,18
198,2026-02-08,2025-26,412,WashU,Away,370,Rochester,72,73,0.3939,0.1052,0.3636,100,14,18
182,2025-11-21,2025-26,370,Rochester,Home,383,St. John Fisher,86,79,0.4429,0.1474,0.3571,111.69,22,20
182,2025-11-21,2025-26,383,St. John Fisher,Away,370,Rochester,68,79,0.4091,0.1921,0.3333,83.95,22,20
188,2026-01-03,2025-26,396,Eastern,Home,370,Rochester,74,73,0.4839,0.1568,0.2903,100,18,16
188,2026-01-03,2025-26,370,Rochester,Away,396,Eastern,70,73,0.377,0.1671,0.3279,97.22,18,16
184,2025-11-25,2025-26,370,Rochester,Home,193,Hobart,88,90,0.4306,0.1133,0.4444,96.7,20,27
184,2025-11-25,2025-26,193,Hobart,Away,370,Rochester,97,90,0.4853,0.1767,0.5294,108.99,20,27
185,2025-12-02,2025-26,119,Ithaca,Home,370,Rochester,95,98,0.4253,0.1687,0.1724,96.94,27,12
185,2025-12-02,2025-26,370,Rochester,Away,119,Ithaca,104,98,0.5352,0.2143,0.3099,106.12,27,12
189,2026-01-06,2025-26,117,RIT,Home,370,Rochester,87,80.5,0.4776,0.1507,0.403,111.54,17,13
189,2026-01-06,2025-26,370,Rochester,Away,117,RIT,83,80.5,0.3824,0.0583,0.4265,100,17,13
190,2026-01-10,2025-26,370,Rochester,Home,399,Emory,90,80,0.4247,0.0673,0.3151,112.5,16,13
190,2026-01-10,2025-26,399,Emory,Away,370,Rochester,95,80,0.4932,0.0777,0.3151,118.75,16,13
191,2026-01-16,2025-26,125,NYU,Home,370,Rochester,66,70.5,0.4035,0.201,0.2632,94.29,22,14
191,2026-01-16,2025-26,370,Rochester,Away,125,NYU,54,70.5,0.3276,0.2276,0.1207,76.06,22,14
196,2026-02-01,2025-26,412,WashU,Home,370,Rochester,89,77,0.4576,0.1592,0.5763,115.58,17,19
196,2026-02-01,2025-26,370,Rochester,Away,412,WashU,78,77,0.4516,0.139,0.2258,101.3,17,19
192,2026-01-18,2025-26,404,Brandeis,Home,370,Rochester,85,67.5,0.5077,0.1034,0.1538,125,14,17
192,2026-01-18,2025-26,370,Rochester,Away,404,Brandeis,70,67.5,0.3594,0.0518,0.3281,104.48,14,17
199,2026-02-13,2025-26,370,Rochester,Home,125,NYU,80,68,0.5345,0.1744,0.1379,117.65,11,22
199,2026-02-13,2025-26,125,NYU,Away,370,Rochester,88,68,0.5789,0.1707,0.2456,129.41,11,22
200,2026-02-15,2025-26,370,Rochester,Home,404,Brandeis,89,74,0.4242,0.0715,0.4091,120.27,13,19
200,2026-02-15,2025-26,404,Brandeis,Away,370,Rochester,83,74,0.4375,0.0854,0.3906,112.16,13,19
195,2026-01-30,2025-26,410,Chicago,Home,370,Rochester,72,74,0.4364,0.191,0.5273,98.63,21,16
195,2026-01-30,2025-26,370,Rochester,Away,410,Chicago,63,74,0.375,0.0658,0.25,84,21,16
201,2026-02-20,2025-26,11,Carnegie Mellon,Home,370,Rochester,79,75.5,0.4762,0.1591,0.3968,101.28,19,18
201,2026-02-20,2025-26,370,Rochester,Away,11,Carnegie Mellon,63,75.5,0.371,0.1619,0.1935,86.3,19,18
204,2025-11-08,2025-26,329,Wheaton (MA),Home,427,Wentworth,92,74.5,0.5397,0.1591,0.2063,124.32,24,27
204,2025-11-08,2025-26,427,Wentworth,Away,329,Wheaton (MA),66,74.5,0.4,0.2375,0.5,88,24,27
205,2025-11-11,2025-26,329,Wheaton (MA),Home,85,Lasell,66,74.5,0.4167,0.1958,0.2167,89.19,13,18
205,2025-11-11,2025-26,85,Lasell,Away,329,Wheaton (MA),69,74.5,0.4328,0.1772,0.0896,92,13,18
206,2025-11-15,2025-26,298,SUNY Oneonta,Home,329,Wheaton (MA),56,67.5,0.377,0.2031,0.0656,82.35,18,15
206,2025-11-15,2025-26,329,Wheaton (MA),Away,298,SUNY Oneonta,59,67.5,0.3673,0.1627,0.5918,88.06,18,15
155,2025-11-16,2025-26,76,Rensselaer,Home,329,Wheaton (MA),56,64,0.3922,0.1211,0.3137,87.5,7,15
155,2025-11-16,2025-26,329,Wheaton (MA),Away,76,Rensselaer,60,64,0.3704,0.1715,0.1667,93.75,7,15
208,2025-11-18,2025-26,329,Wheaton (MA),Home,435,Bridgewater St.,90,74,0.5068,0.1162,0.0959,123.29,17,18
208,2025-11-18,2025-26,435,Bridgewater St.,Away,329,Wheaton (MA),81,74,0.3816,0.0755,0.2895,108,17,18
209,2025-11-22,2025-26,329,Wheaton (MA),Home,437,Gordon,76,70,0.4746,0.1582,0.1864,107.04,22,18
209,2025-11-22,2025-26,437,Gordon,Away,329,Wheaton (MA),52,70,0.3529,0.252,0.3725,75.36,22,18
210,2025-11-25,2025-26,440,UMass Boston,Home,329,Wheaton (MA),71,65.5,0.5,0.1495,0.2679,105.97,12,11
210,2025-11-25,2025-26,329,Wheaton (MA),Away,440,UMass Boston,68,65.5,0.5179,0.172,0.0714,106.25,12,11
211,2025-12-03,2025-26,329,Wheaton (MA),Home,441,Springfield,78,68.5,0.5179,0.1486,0.2857,114.71,14,16
211,2025-12-03,2025-26,441,Springfield,Away,329,Wheaton (MA),64,68.5,0.5417,0.2309,0.25,92.75,14,16
212,2025-12-06,2025-26,443,Emerson,Home,329,Wheaton (MA),79,74,0.5,0.2388,0.48,103.95,24,18
212,2025-12-06,2025-26,329,Wheaton (MA),Away,443,Emerson,76,74,0.4286,0.1459,0.7143,105.56,24,18
214,2025-12-29,2025-26,447,Bridgewater College,Home,82,Wheaton College (MA),56,69.5,0.371,0.1722,0.1935,80,21,11
214,2025-12-29,2025-26,82,Wheaton College (MA),Away,447,Bridgewater College,65,69.5,0.4464,0.2013,0.1429,94.2,21,11
215,2026-01-07,2025-26,450,Coast Guard,Home,329,Wheaton (MA),75,72,0.4107,0.1198,0.4107,105.63,21,15
215,2026-01-07,2025-26,329,Wheaton (MA),Away,450,Coast Guard,81,72,0.4375,0.1158,0.4375,110.96,21,15
216,2026-01-10,2025-26,329,Wheaton (MA),Home,451,MIT,55,71,0.3208,0.1493,0.4151,78.57,10,13
216,2026-01-10,2025-26,451,MIT,Away,329,Wheaton (MA),60,71,0.3704,0.1735,0.3333,83.33,10,13
217,2026-01-15,2025-26,454,Babson,Home,453,Wheaton (Mass.),73,63,0.5273,0.1518,0.0364,119.67,21,17
217,2026-01-15,2025-26,453,Wheaton (Mass.),Away,454,Babson,55,63,0.4286,0.1999,0.3265,84.62,21,17
218,2026-01-17,2025-26,329,Wheaton (MA),Home,455,Clark (MA),68,71.5,0.38,0.1907,0.62,93.15,13,13
218,2026-01-17,2025-26,455,Clark (MA),Away,329,Wheaton (MA),66,71.5,0.3966,0.1844,0.3276,94.29,13,13
219,2026-01-20,2025-26,457,Salve Regina,Home,329,Wheaton (MA),53,69,0.4,0.2385,0.34,77.94,10,17
219,2026-01-20,2025-26,329,Wheaton (MA),Away,457,Salve Regina,72,69,0.4561,0.2086,0.2982,102.86,10,17
220,2026-01-22,2025-26,329,Wheaton (MA),Home,88,WPI,70,66.5,0.5,0.1666,0.3333,106.06,9,16
220,2026-01-22,2025-26,88,WPI,Away,329,Wheaton (MA),82,66.5,0.5263,0.0841,0.3333,122.39,9,16
221,2025-11-07,2025-26,386,Nazareth,Home,84,Medgar Evers,89,73,0.5313,0.0872,0.3281,125.35,26,19
221,2025-11-07,2025-26,84,Medgar Evers,Away,386,Nazareth,52,73,0.3462,0.2275,0.25,69.33,26,19
222,2026-01-24,2025-26,441,Springfield,Home,329,Wheaton (MA),65,70.5,0.5192,0.2297,0.3654,92.86,15,14
222,2026-01-24,2025-26,329,Wheaton (MA),Away,441,Springfield,70,70.5,0.4364,0.2016,0.3455,98.59,15,14
223,2025-11-08,2025-26,134,Clarkson,Home,84,Medgar Evers,87,72,0.6364,0.2039,0.3091,119.18,22,19
223,2025-11-08,2025-26,84,Medgar Evers,Away,134,Clarkson,63,72,0.4182,0.181,0.3455,88.73,22,19
224,2026-01-28,2025-26,329,Wheaton (MA),Home,450,Coast Guard,78,74.5,0.5636,0.1925,0.3273,105.41,18,15
224,2026-01-28,2025-26,450,Coast Guard,Away,329,Wheaton (MA),63,74.5,0.35,0.1937,0.25,84,18,15
225,2025-11-11,2025-26,84,Medgar Evers,Home,469,Valley Forge U.,68,82.5,0.4154,0.1948,0.1846,82.93,15,21
225,2025-11-11,2025-26,469,Valley Forge U.,Away,84,Medgar Evers,90,82.5,0.5294,0.1874,0.1912,108.43,15,21
226,2026-01-31,2025-26,329,Wheaton (MA),Home,443,Emerson,55,67,0.2826,0.2058,0.587,80.88,20,20
226,2026-01-31,2025-26,443,Emerson,Away,329,Wheaton (MA),82,67,0.5091,0.1664,0.4182,124.24,20,20
227,2025-11-14,2025-26,84,Medgar Evers,Home,473,Oberlin College,72,74.5,0.4259,0.1961,0.3148,96,17,19
227,2025-11-14,2025-26,473,Oberlin College,Away,84,Medgar Evers,91,74.5,0.507,0.2041,0.0986,122.97,17,19
228,2026-02-04,2025-26,451,MIT,Home,329,Wheaton (MA),83,81,0.4225,0.1514,0.2394,100,6,15
228,2026-02-04,2025-26,329,Wheaton (MA),Away,451,MIT,84,81,0.4063,0.1253,0.4531,106.33,6,15
229,2025-11-18,2025-26,477,St. Joseph's (Brkln),Home,84,Medgar Evers,92,86.5,0.4235,0.1451,0.2471,106.98,18,21
229,2025-11-18,2025-26,84,Medgar Evers,Away,477,St. Joseph's (Brkln),64,86.5,0.2877,0.1936,0.1918,73.56,18,21
230,2026-02-11,2025-26,455,Clark (MA),Home,329,Wheaton (MA),65,64.5,0.5116,0.2703,0.5814,98.48,12,16
230,2026-02-11,2025-26,329,Wheaton (MA),Away,455,Clark (MA),80,64.5,0.4912,0.1327,0.3333,126.98,12,16
231,2025-11-22,2025-26,482,Centenary (NJ),Home,84,Medgar Evers,86,77.5,0.4304,0.0956,0.1772,111.69,8,13
231,2025-11-22,2025-26,84,Medgar Evers,Away,482,Centenary (NJ),39,77.5,0.3721,0.4177,0.2326,50,8,13
232,2026-02-14,2025-26,329,Wheaton (MA),Home,454,Babson,72,66,0.48,0.1596,0.36,109.09,12,12
232,2026-02-14,2025-26,454,Babson,Away,329,Wheaton (MA),89,66,0.5536,0.1572,0.3393,134.85,12,12
233,2025-12-01,2025-26,252,FDU-Florham,Home,84,Medgar Evers,84,80.5,0.5079,0.1938,0.4286,105,25,18
233,2025-12-01,2025-26,84,Medgar Evers,Away,252,FDU-Florham,58,80.5,0.3284,0.1166,0.2985,71.6,25,18
234,2026-02-18,2025-26,329,Wheaton (MA),Home,457,Salve Regina,62,65,0.3929,0.0987,0.3214,95.38,8,7
234,2026-02-18,2025-26,457,Salve Regina,Away,329,Wheaton (MA),69,65,0.5098,0.2327,0.3725,106.15,8,7
235,2026-02-21,2025-26,88,WPI,Home,329,Wheaton (MA),77,67,0.459,0.0555,0.2623,116.67,18,17
235,2026-02-21,2025-26,329,Wheaton (MA),Away,88,WPI,72,67,0.52,0.2057,0.36,105.88,18,17
236,2025-12-05,2025-26,84,Medgar Evers,Home,491,York College (NY),66,90.5,0.377,0.2765,0.2623,73.33,18,13
236,2025-12-05,2025-26,491,York College (NY),Away,84,Medgar Evers,72,90.5,0.3421,0.1433,0.4079,79.12,18,13
237,2025-12-07,2025-26,169,Manhattanville,Home,84,Medgar Evers,84,76.5,0.44,0.1709,0.2267,107.69,17,13
237,2025-12-07,2025-26,84,Medgar Evers,Away,169,Manhattanville,48,76.5,0.3273,0.2519,0.1818,64,17,13
238,2026-02-25,2025-26,329,Wheaton (MA),Home,441,Springfield,60,67,0.3273,0.1404,0.5091,89.55,6,12
238,2026-02-25,2025-26,441,Springfield,Away,329,Wheaton (MA),52,67,0.2857,0.1132,0.2698,77.61,6,12
239,2025-12-28,2025-26,84,Medgar Evers,Home,447,Bridgewater College,58,69,0.3455,0.1712,0.3273,82.86,15,18
239,2025-12-28,2025-26,447,Bridgewater College,Away,84,Medgar Evers,66,69,0.4167,0.1752,0.625,97.06,15,18
240,2026-02-27,2025-26,88,WPI,Home,329,Wheaton (MA),60,69,0.4107,0.2001,0.1607,88.24,19,9
240,2026-02-27,2025-26,329,Wheaton (MA),Away,88,WPI,82,69,0.4909,0.0965,0.4364,117.14,19,9
242,2026-03-01,2025-26,454,Babson,Home,453,Wheaton (Mass.),81,62,0.4833,0.1079,0.2333,132.79,18,13
242,2026-03-01,2025-26,453,Wheaton (Mass.),Away,454,Babson,56,62,0.3393,0.0832,0.4107,88.89,18,13
243,2026-01-07,2025-26,84,Medgar Evers,Home,505,Lehman College,65,71,0.3833,0.0918,0.35,92.86,19,19
243,2026-01-07,2025-26,505,Lehman College,Away,84,Medgar Evers,92,71,0.4776,0.0994,0.4925,127.78,19,19
244,2026-01-09,2025-26,84,Medgar Evers,Home,507,Brooklyn College,74,72,0.4821,0.1959,0.3929,104.23,13,17
244,2026-01-09,2025-26,507,Brooklyn College,Away,84,Medgar Evers,76,72,0.4364,0.1559,0.6364,104.11,13,17
245,2026-01-12,2025-26,84,Medgar Evers,Home,509,Connecticut College,40,72,0.3036,0.174,0.2321,55.56,16,14
245,2026-01-12,2025-26,509,Connecticut College,Away,84,Medgar Evers,89,72,0.4658,0.1251,0.1233,123.61,16,14
246,2026-01-14,2025-26,512,John Jay,Home,84,Medgar Evers,64,71,0.3455,0.1429,0.4545,90.14,10,15
246,2026-01-14,2025-26,84,Medgar Evers,Away,512,John Jay,57,71,0.3667,0.2117,0.2667,80.28,10,15
247,2026-01-16,2025-26,514,CCNY,Home,84,Medgar Evers,100,84,0.5915,0.1574,0.1268,121.95,15,12
247,2026-01-16,2025-26,84,Medgar Evers,Away,514,CCNY,58,84,0.32,0.1732,0.1867,67.44,15,12
248,2026-01-21,2025-26,84,Medgar Evers,Home,515,Hunter College,63,77.5,0.3649,0.1261,0.0676,81.82,18,13
248,2026-01-21,2025-26,515,Hunter College,Away,84,Medgar Evers,76,77.5,0.4906,0.2851,0.4151,97.44,18,13
249,2026-01-23,2025-26,84,Medgar Evers,Home,517,Baruch College,53,77,0.274,0.1089,0.274,67.09,16,21
249,2026-01-23,2025-26,517,Baruch College,Away,84,Medgar Evers,74,77,0.4394,0.2276,0.1818,98.67,16,21
250,2026-01-31,2025-26,520,Lehman,Home,84,Medgar Evers,78,70,0.4615,0.1446,0.4154,113.04,15,14
250,2026-01-31,2025-26,84,Medgar Evers,Away,520,Lehman,56,70,0.4314,0.2569,0.1765,78.87,15,14
251,2026-02-03,2025-26,522,Brooklyn,Home,84,Medgar Evers,74,82,0.3971,0.1731,0.4412,89.16,12,19
251,2026-02-03,2025-26,84,Medgar Evers,Away,522,Brooklyn,59,82,0.371,0.1996,0.2258,72.84,12,19
252,2026-02-06,2025-26,84,Medgar Evers,Home,512,John Jay,75,76.5,0.5333,0.1937,0.25,94.94,13,13
252,2026-02-06,2025-26,512,John Jay,Away,84,Medgar Evers,85,76.5,0.5313,0.1509,0.125,114.86,13,13
253,2026-02-11,2025-26,84,Medgar Evers,Home,514,CCNY,73,88.5,0.3,0.1189,0.6143,81.11,20,19
253,2026-02-11,2025-26,514,CCNY,Away,84,Medgar Evers,66,88.5,0.3729,0.2351,0.6102,75.86,20,19
254,2026-02-13,2025-26,527,Hunter,Home,84,Medgar Evers,67,73.5,0.4058,0.1377,0.2029,89.33,10,14
254,2026-02-13,2025-26,84,Medgar Evers,Away,527,Hunter,66,73.5,0.3235,0.1319,0.1471,91.67,10,14
255,2026-02-17,2025-26,530,York (NY),Home,84,Medgar Evers,103,94,0.4889,0.1281,0.1333,110.75,20,14
255,2026-02-17,2025-26,84,Medgar Evers,Away,530,York (NY),41,94,0.1975,0.2015,0.1728,43.16,20,14